{"data": "items_refseer_clean_3.5m_wPP_3.1_wNP.csv", "num_contexts": 3585010, "num_test_set_items": 53401, "models": [{"name": "bow", "num_cur": 53401, "num_top": 6500, "num_top_5": 13575, "num_top_10": 16909, "ndcg_sums": [6500.0, 8312.030252257598, 9276.030252257651, 9832.033688730211, 10212.696851048906, 10533.283319446118, 10788.94998611283, 10993.686691146695, 11148.416108918016, 11294.10478138235], "map_sums": [6500.0, 7936.0, 8578.6666666665, 8901.416666666542, 9098.216666666514, 9248.216666666613, 9357.788095237973, 9438.913095237986, 9496.02420634919, 9546.424206349293], "mrr_sums": [6500.0, 7936.0, 8578.6666666665, 8901.416666666542, 9098.216666666514, 9248.216666666613, 9357.788095237973, 9438.913095237986, 9496.02420634919, 9546.424206349293], "recall_sums": [6500, 9372, 11300, 12591, 13575, 14475, 15242, 15891, 16405, 16909], "num_applicable": 53401, "ndcg_results": [0.12172056703057996, 0.15565308238155837, 0.17370517878424843, 0.18411703317784706, 0.19124542332632172, 0.19724880282103552, 0.2020364784575725, 0.20587042735429478, 0.2087679277339004, 0.21149612893732983], "map_results": [0.12172056703057996, 0.14861144922379732, 0.16064618015892027, 0.16669007446801637, 0.17037539871288018, 0.17318433487512616, 0.1752361958622118, 0.1767553621699591, 0.17782483860506712, 0.1787686411555831], "mrr_results": [0.12172056703057996, 0.14861144922379732, 0.16064618015892027, 0.16669007446801637, 0.17037539871288018, 0.17318433487512616, 0.1752361958622118, 0.1767553621699591, 0.17782483860506712, 0.1787686411555831], "recall_results": [0.12172056703057996, 0.17550233141701466, 0.21160652422239284, 0.23578210145877418, 0.2542087226830958, 0.27106233965656074, 0.2854253665661692, 0.29757869702814554, 0.30720398494410217, 0.3166420104492425]}, {"name": "np", "num_cur": 53401, "num_top": 3505, "num_top_5": 6485, "num_top_10": 7815, "ndcg_sums": [3505.0, 4330.256117671408, 4698.756117671439, 4919.693191963044, 5082.945076616003, 5213.316907097555, 5306.650240430885, 5377.945302584488, 5445.677051608901, 5513.02915614099], "map_sums": [3505.0, 4159.0, 4404.6666666666915, 4532.916666666684, 4617.316666666638, 4678.316666666629, 4718.316666666641, 4746.56666666664, 4771.56666666666, 4794.866666666662], "mrr_sums": [3505.0, 4159.0, 4404.6666666666915, 4532.916666666684, 4617.316666666638, 4678.316666666629, 4718.316666666641, 4746.56666666664, 4771.56666666666, 4794.866666666662], "recall_sums": [3505, 4813, 5550, 6063, 6485, 6851, 7131, 7357, 7582, 7815], "num_applicable": 53401, "ndcg_results": [0.06563547499110503, 0.08108942000470792, 0.0879900398432883, 0.09212736076034239, 0.09518445490938376, 0.09762582923723441, 0.09937361173818626, 0.10070870026000427, 0.10197706132111573, 0.10323831306793863], "map_results": [0.06563547499110503, 0.07788243665848954, 0.08248284988420987, 0.0848844903029285, 0.086464985050217, 0.08760728575619613, 0.08835633539946146, 0.08888535171001742, 0.08935350773705848, 0.08978982915426045], "mrr_results": [0.06563547499110503, 0.07788243665848954, 0.08248284988420987, 0.0848844903029285, 0.086464985050217, 0.08760728575619613, 0.08835633539946146, 0.08888535171001742, 0.08935350773705848, 0.08978982915426045], "recall_results": [0.06563547499110503, 0.09012939832587405, 0.10393063800303365, 0.11353719967790865, 0.12143967341435553, 0.12829347765023127, 0.133536825153087, 0.13776895563753488, 0.1419823598809011, 0.14634557405292037]}, {"name": "pp", "num_cur": 53401, "num_top": 1670, "num_top_5": 3290, "num_top_10": 4097, "ndcg_sums": [1670.0, 2083.258988589326, 2298.2589885893135, 2429.6153388016833, 2518.5914844656218, 2588.40809313879, 2643.741426472122, 2697.3704555256995, 2744.0301048536217, 2778.7178840117617], "map_sums": [1670.0, 1997.5, 2140.8333333333235, 2217.0833333333276, 2263.083333333332, 2295.749999999997, 2319.4642857142853, 2340.714285714286, 2357.9365079365116, 2369.9365079365048], "mrr_sums": [1670.0, 1997.5, 2140.8333333333235, 2217.0833333333276, 2263.083333333332, 2295.749999999997, 2319.4642857142853, 2340.714285714286, 2357.9365079365116, 2369.9365079365048], "recall_sums": [1670, 2325, 2755, 3060, 3290, 3486, 3652, 3822, 3977, 4097], "num_applicable": 53401, "ndcg_results": [0.03127282260631823, 0.039011610055791575, 0.043037751888341295, 0.04549756257002085, 0.04716375132423778, 0.04847115396975318, 0.04950733930960323, 0.05051160943663414, 0.051385369278733016, 0.05203494099383461], "map_results": [0.03127282260631823, 0.037405666560551304, 0.04008976111558442, 0.041517636998058605, 0.04237904408781357, 0.0429907679631467, 0.04343484739451106, 0.04383278001749566, 0.04415528750279043, 0.04438000239576983], "mrr_results": [0.03127282260631823, 0.037405666560551304, 0.04008976111558442, 0.041517636998058605, 0.04237904408781357, 0.0429907679631467, 0.04343484739451106, 0.04383278001749566, 0.04415528750279043, 0.04438000239576983], "recall_results": [0.03127282260631823, 0.04353851051478437, 0.05159079417988427, 0.057302297709780715, 0.06160933315855508, 0.06527967641055411, 0.0683882324301043, 0.07157169341398101, 0.0744742607816333, 0.07672140971142863]}, {"name": "pp+bow", "num_cur": 53401, "num_top": 6987, "num_top_5": 14168, "num_top_10": 17429, "ndcg_sums": [6987.0, 8857.706719339789, 9802.706719339842, 10358.279479254317, 10759.058987549195, 11082.138906256116, 11313.138906256168, 11505.257016218591, 11671.12454382949, 11815.94602181488], "map_sums": [6987.0, 8469.5, 9099.499999999896, 9421.999999999938, 9629.199999999972, 9780.36666666668, 9879.366666666603, 9955.491666666605, 10016.713888888919, 10066.813888889032], "mrr_sums": [6987.0, 8469.5, 9099.499999999896, 9421.999999999938, 9629.199999999972, 9780.36666666668, 9879.366666666603, 9955.491666666605, 10016.713888888919, 10066.813888889032], "recall_sums": [6987, 9952, 11842, 13132, 14168, 15075, 15768, 16377, 16928, 17429], "num_applicable": 53401, "ndcg_results": [0.13084024643733264, 0.16587155145671034, 0.18356784927884948, 0.1939716387193932, 0.2014767324122993, 0.20752680485863778, 0.21185256654849474, 0.21545021659179775, 0.21855629190145298, 0.22126825381200502], "map_results": [0.13084024643733264, 0.1586018988408457, 0.17039943072226918, 0.1764386434710949, 0.18031872062320878, 0.1831495040667156, 0.1850034019337953, 0.18642893703613425, 0.18757539912902227, 0.18851358380721395], "mrr_results": [0.13084024643733264, 0.1586018988408457, 0.17039943072226918, 0.1764386434710949, 0.18031872062320878, 0.1831495040667156, 0.1850034019337953, 0.18642893703613425, 0.18757539912902227, 0.18851358380721395], "recall_results": [0.13084024643733264, 0.18636355124435872, 0.22175614688863504, 0.24591299788393475, 0.265313383644501, 0.2822980843055373, 0.29527536937510535, 0.3066796501938166, 0.31699780902979346, 0.32637965581168893]}]}