{"data": "items_MAG_CS_en_wAbs_50mindoc_wPP_wNP.csv", "num_contexts": 8602124, "num_test_set_items": 141631, "models": [{"name": "bow", "num_cur": 141631, "num_top": 26173, "num_top_5": 53671, "num_top_10": 65551, "ndcg_sums": [26173.0, 33307.55365337858, 36791.5536533775, 39059.92708475134, 40589.929937363435, 41723.737413928386, 42603.73741392975, 43333.09220905914, 43930.335720456555, 44439.37887960311], "map_sums": [26173.0, 31827.0, 34149.66666666399, 35466.41666666477, 36257.41666666573, 36787.91666666615, 37165.059523809716, 37454.05952380962, 37674.50396825229, 37850.60396825092], "mrr_sums": [26173.0, 31827.0, 34149.66666666399, 35466.41666666477, 36257.41666666573, 36787.91666666615, 37165.059523809716, 37454.05952380962, 37674.50396825229, 37850.60396825092], "recall_sums": [26173, 37481, 44449, 49716, 53671, 56854, 59494, 61806, 63790, 65551], "num_applicable": 141631, "ndcg_results": [0.18479711362625414, 0.23517135128170089, 0.25977048565199357, 0.275786565686547, 0.28658930557126217, 0.29459466793236216, 0.3008079969352031, 0.3059576802328526, 0.3101745784500325, 0.3137687291595986], "map_results": [0.18479711362625414, 0.22471775246944525, 0.24111717538295985, 0.2504142219335087, 0.2559991574349241, 0.2597448063394747, 0.26240766162640744, 0.2644481753557457, 0.2660046456513919, 0.2672480175120625], "mrr_results": [0.18479711362625414, 0.22471775246944525, 0.24111717538295985, 0.2504142219335087, 0.2559991574349241, 0.2597448063394747, 0.26240766162640744, 0.2644481753557457, 0.2660046456513919, 0.2672480175120625], "recall_results": [0.18479711362625414, 0.26463839131263633, 0.31383666005323696, 0.3510248462554102, 0.3789495237624531, 0.40142341718973956, 0.42006340419823346, 0.4363875140329448, 0.4503957466938735, 0.4628294653006757]}, {"name": "np", "num_cur": 141631, "num_top": 14144, "num_top_5": 27867, "num_top_10": 33621, "ndcg_sums": [14144.0, 17803.39257071486, 19582.392570714095, 20667.697497058085, 21381.44092640531, 21926.79412986788, 22352.460796534127, 22699.787625874644, 22995.700111611768, 23244.87399189741], "map_sums": [14144.0, 17044.0, 18230.000000000287, 18860.000000000116, 19229.00000000076, 19484.166666667446, 19666.595238096306, 19804.22023809631, 19913.442460318325, 19999.642460318166], "mrr_sums": [14144.0, 17044.0, 18230.000000000287, 18860.000000000116, 19229.00000000076, 19484.166666667446, 19666.595238096306, 19804.22023809631, 19913.442460318325, 19999.642460318166], "recall_sums": [14144, 19944, 23502, 26022, 27867, 29398, 30675, 31776, 32759, 33621], "num_applicable": 141631, "ndcg_results": [0.099865142518234, 0.12570265387319768, 0.13826346330050693, 0.14592636850024418, 0.15096582617086168, 0.15481634762070368, 0.15782181017244903, 0.16027414637949775, 0.16236346641350952, 0.16412278379660816], "map_results": [0.099865142518234, 0.12034088582301897, 0.1287147587745641, 0.13316293749249894, 0.13576829931300888, 0.13756992937045878, 0.13885798474978153, 0.13982969998161637, 0.14060087452830472, 0.14120949834653548], "mrr_results": [0.099865142518234, 0.12034088582301897, 0.1287147587745641, 0.13316293749249894, 0.13576829931300888, 0.13756992937045878, 0.13885798474978153, 0.13982969998161637, 0.14060087452830472, 0.14120949834653548], "recall_results": [0.099865142518234, 0.14081662912780393, 0.16593824798243323, 0.1837309628541774, 0.19675777195670438, 0.20756755230140295, 0.2165839399566479, 0.2243576618113266, 0.23129823273153477, 0.23738447091385362]}, {"name": "pp", "num_cur": 141631, "num_top": 9924, "num_top_5": 20283, "num_top_10": 25297, "ndcg_sums": [9924.0, 12638.259799865215, 13946.759799865273, 14761.599847739795, 15360.447993338696, 15817.818021585093, 16201.151354918711, 16491.379041561202, 16756.285437745442, 16981.756002273447], "map_sums": [9924.0, 12075.0, 12947.33333333375, 13420.33333333377, 13729.933333334186, 13943.93333333394, 14108.219047619483, 14223.219047619486, 14320.996825397418, 14398.996825397622], "mrr_sums": [9924.0, 12075.0, 12947.33333333375, 13420.33333333377, 13729.933333334186, 13943.93333333394, 14108.219047619483, 14223.219047619486, 14320.996825397418, 14398.996825397622], "recall_sums": [9924, 14226, 16843, 18735, 20283, 21567, 22717, 23637, 24517, 25297], "num_applicable": 141631, "ndcg_results": [0.07006940570920209, 0.08923371154524938, 0.09847250813639155, 0.10422576870699067, 0.10845399660624225, 0.11168330394888897, 0.1143898677190637, 0.11643904965410963, 0.11830944805689039, 0.11990140578173879], "map_results": [0.07006940570920209, 0.08525675876044086, 0.09141595648787165, 0.09475562082689362, 0.09694158293971084, 0.09845255158357945, 0.09961250748508083, 0.10042447661613267, 0.10111484650533724, 0.101665573394226], "mrr_results": [0.07006940570920209, 0.08525675876044086, 0.09141595648787165, 0.09475562082689362, 0.09694158293971084, 0.09845255158357945, 0.09961250748508083, 0.10042447661613267, 0.10111484650533724, 0.101665573394226], "recall_results": [0.07006940570920209, 0.10044411181167964, 0.11892170499396319, 0.13228036235005047, 0.1432101729141219, 0.15227598477734394, 0.16039567608786212, 0.16689142913627666, 0.17310475813910797, 0.17861202702798115]}, {"name": "pp+bow", "num_cur": 141631, "num_top": 27744, "num_top_5": 55716, "num_top_10": 67509, "ndcg_sums": [27744.0, 35069.725368709725, 38633.22536870886, 40891.69323924779, 42435.235940114224, 43557.288579503635, 44423.62191283798, 45148.56019969273, 45739.181051185704, 46254.87270133757], "map_sums": [27744.0, 33549.5, 35925.166666664954, 37236.16666666553, 38034.16666666578, 38559.16666666602, 38930.45238095223, 39217.7023809522, 39435.7023809504, 39614.10238094895], "mrr_sums": [27744.0, 33549.5, 35925.166666664954, 37236.16666666553, 38034.16666666578, 38559.16666666602, 38930.45238095223, 39217.7023809522, 39435.7023809504, 39614.10238094895], "recall_sums": [27744, 39355, 46482, 51726, 55716, 58866, 61465, 63763, 65725, 67509], "num_applicable": 141631, "ndcg_results": [0.19588931801653592, 0.24761334290310544, 0.2727737950639963, 0.2887199358844306, 0.2996182752371601, 0.3075406413815029, 0.3136574755021004, 0.3187759755963929, 0.3229461138535046, 0.3265872069062392], "map_results": [0.19588931801653592, 0.23687963793237357, 0.2536532727062928, 0.26290972080028757, 0.268544080509675, 0.2722508961079567, 0.2748723964453561, 0.27690055412270054, 0.2784397651711165, 0.2796993764144075], "mrr_results": [0.19588931801653592, 0.23687963793237357, 0.2536532727062928, 0.26290972080028757, 0.268544080509675, 0.2722508961079567, 0.2748723964453561, 0.27690055412270054, 0.2784397651711165, 0.2796993764144075], "recall_results": [0.19588931801653592, 0.2778699578482112, 0.32819086217000515, 0.365216654545968, 0.39338845309289633, 0.41562934668257656, 0.4339798490443476, 0.45020511046310485, 0.4640580098989628, 0.47665412233197535]}]}