{"data": "items_acl-arc_DBLPonly_wPP_3.1_wNP_both.csv", "num_contexts": 29530, "num_test_set_items": 3881, "models": [{"name": "bow", "num_cur": 3881, "num_top": 547, "num_top_5": 1112, "num_top_10": 1362, "ndcg_sums": [547.0, 696.5303515964345, 761.5303515964338, 815.364921355608, 843.6051762837285, 869.2520937555045, 883.9187604221717, 899.3765393846732, 911.4177392112314, 924.4256563955374], "map_sums": [547.0, 665.5, 708.8333333333346, 740.0833333333352, 754.6833333333357, 766.6833333333356, 772.9690476190497, 779.0940476190497, 783.5384920634932, 788.038492063494], "mrr_sums": [547.0, 665.5, 708.8333333333346, 740.0833333333352, 754.6833333333357, 766.6833333333356, 772.9690476190497, 779.0940476190497, 783.5384920634932, 788.038492063494], "recall_sums": [547, 784, 914, 1039, 1112, 1184, 1228, 1277, 1317, 1362], "num_applicable": 3881, "ndcg_results": [0.14094305591342438, 0.179471876216551, 0.19622013697408755, 0.21009145100634063, 0.21736799182780944, 0.22397631892695297, 0.22775541366198704, 0.23173835078193072, 0.23484095315929693, 0.23819264529645387], "map_results": [0.14094305591342438, 0.1714764236021644, 0.18264193077385588, 0.19069397921497944, 0.19445589624667242, 0.1975478828480638, 0.199167494877364, 0.20074569637182418, 0.2018908765945615, 0.2030503715700835], "mrr_results": [0.14094305591342438, 0.1714764236021644, 0.18264193077385588, 0.19069397921497944, 0.19445589624667242, 0.1975478828480638, 0.199167494877364, 0.20074569637182418, 0.2018908765945615, 0.2030503715700835], "recall_results": [0.14094305591342438, 0.2020097912909044, 0.23550631280597784, 0.2677145065704715, 0.28652409172893584, 0.3050760113372842, 0.316413295542386, 0.3290389074980675, 0.33934552950270547, 0.3509404792579232]}, {"name": "np", "num_cur": 3881, "num_top": 221, "num_top_5": 478, "num_top_10": 600, "ndcg_sums": [221.0, 289.7713431392888, 324.77134313928906, 344.5824648106654, 356.961754642171, 368.71659181673556, 378.3832584834021, 383.115231635188, 390.3399515311233, 396.4103128837989], "map_sums": [221.0, 275.5, 298.83333333333326, 310.3333333333332, 316.733333333333, 322.2333333333331, 326.3761904761904, 328.2511904761904, 330.91785714285686, 333.01785714285694], "mrr_sums": [221.0, 275.5, 298.83333333333326, 310.3333333333332, 316.733333333333, 322.2333333333331, 326.3761904761904, 328.2511904761904, 330.91785714285686, 333.01785714285694], "recall_sums": [221, 330, 400, 446, 478, 511, 540, 555, 579, 600], "num_applicable": 3881, "ndcg_results": [0.05694408657562484, 0.07466409253782241, 0.08368238679188071, 0.0887870303557499, 0.09197674688022958, 0.09500556346733717, 0.0974963304517913, 0.09871559691708014, 0.10057715834349995, 0.1021412813408397], "map_results": [0.05694408657562484, 0.07098685905694409, 0.07699905522631623, 0.07996220905264963, 0.08161126857339165, 0.08302842909902941, 0.08409590066379552, 0.08457902357026292, 0.0852661317039054, 0.08580722935914892], "mrr_results": [0.05694408657562484, 0.07098685905694409, 0.07699905522631623, 0.07996220905264963, 0.08161126857339165, 0.08302842909902941, 0.08409590066379552, 0.08457902357026292, 0.0852661317039054, 0.08580722935914892], "recall_results": [0.05694408657562484, 0.08502963153826333, 0.1030662200463798, 0.11491883535171347, 0.12316413295542386, 0.1316670961092502, 0.13913939706261272, 0.14300438031435198, 0.14918835351713475, 0.1545993300695697]}, {"name": "pp", "num_cur": 3881, "num_top": 154, "num_top_5": 323, "num_top_10": 442, "ndcg_sums": [154.0, 195.6413637357159, 219.64136373571588, 233.42301359406449, 242.32062816045888, 250.15718627683543, 256.15718627683543, 265.30566770362157, 272.5303875995571, 280.04607308382214], "map_sums": [154.0, 187.0, 203.00000000000009, 211.0000000000001, 215.60000000000002, 219.26666666666662, 221.83809523809518, 225.46309523809518, 228.1297619047619, 230.72976190476177], "mrr_sums": [154.0, 187.0, 203.00000000000009, 211.0000000000001, 215.60000000000002, 219.26666666666662, 221.83809523809518, 225.46309523809518, 228.1297619047619, 230.72976190476177], "recall_sums": [154, 220, 268, 300, 323, 345, 363, 392, 416, 442], "num_applicable": 3881, "ndcg_results": [0.03968049471785622, 0.05041003961239781, 0.056594012815180596, 0.06014506920743738, 0.06243767795940708, 0.06445688901747886, 0.06600288231817455, 0.06836013081773294, 0.07022169224415283, 0.07215822547895442], "map_results": [0.03968049471785622, 0.04818345787168256, 0.05230610667353777, 0.05436743107446537, 0.05555269260499872, 0.05649746628875718, 0.05716003484619819, 0.058094072465368504, 0.05878118059901105, 0.05945111102931249], "mrr_results": [0.03968049471785622, 0.04818345787168256, 0.05230610667353777, 0.05436743107446537, 0.05555269260499872, 0.05649746628875718, 0.05716003484619819, 0.058094072465368504, 0.05878118059901105, 0.05945111102931249], "recall_results": [0.03968049471785622, 0.05668642102550889, 0.06905436743107446, 0.07729966503478485, 0.08322597268745169, 0.08889461479000257, 0.09353259469208967, 0.1010048956454522, 0.10718886884823499, 0.11388817315124967]}, {"name": "pp+bow", "num_cur": 3881, "num_top": 546, "num_top_5": 1118, "num_top_10": 1358, "ndcg_sums": [546.0, 701.8396491321491, 771.8396491321483, 820.9367767525151, 848.4033260661668, 871.913000415295, 888.2463337486288, 904.0195775879162, 915.1576874274826, 926.1421508275635], "map_sums": [546.0, 669.5, 716.1666666666679, 744.6666666666683, 758.8666666666687, 769.8666666666683, 776.8666666666685, 783.1166666666684, 787.2277777777789, 791.0277777777796], "mrr_sums": [546.0, 669.5, 716.1666666666679, 744.6666666666683, 758.8666666666687, 769.8666666666683, 776.8666666666685, 783.1166666666684, 787.2277777777789, 791.0277777777796], "recall_sums": [546, 793, 933, 1047, 1118, 1184, 1233, 1283, 1320, 1358], "num_applicable": 3881, "ndcg_results": [0.14068539036330843, 0.18083989928682018, 0.19887648779493644, 0.21152712619235123, 0.21860430973104014, 0.22466194290525507, 0.2288704802238157, 0.2329347017747787, 0.23580460897384248, 0.2386349267785528], "map_results": [0.14068539036330843, 0.1725070858026282, 0.1845314781413728, 0.1918749463196775, 0.19553379713132407, 0.1983681181825994, 0.2001717770334111, 0.20178218672163575, 0.20284147842766784, 0.20382060751810865], "mrr_results": [0.14068539036330843, 0.1725070858026282, 0.1845314781413728, 0.1918749463196775, 0.19553379713132407, 0.1983681181825994, 0.2001717770334111, 0.20178218672163575, 0.20284147842766784, 0.20382060751810865], "recall_results": [0.14068539036330843, 0.20432878124194795, 0.2404019582581809, 0.2697758309713991, 0.28807008502963155, 0.3050760113372842, 0.31770162329296575, 0.3305849007987632, 0.3401185261530533, 0.34990981705745944]}]}